3.3227,1.6875
-0.11629,2.1048
-0.30818,1.5701
1.4934,2.6083
1.6247,1.7877
2.1234,2.2677
1.8023,1.7083
-0.44235,2.4757
4.0592,1.0936
2.0446,0.91646
1.5641,1.4803
1.7373,3.5872
1.7919,3.1825
2.2208,2.5099
1.8468,1.8672
0.35927,1.6654
-0.14665,1.8235
-1.1234,2.1752
-0.39858,3.0608
-0.010106,2.4684
3.2352,3.0141
2.346,1.175
1.9494,0.43617
2.9217,1.7468
2.2372,1.1194
0.42575,2.171
-0.60269,1.0313
1.8913,2.3084
3.2653,1.6495
-1.3635,2.2216
-0.44387,1.8825
-1.4377,2.9828
-0.1976,1.2195
-0.55827,1.7703
3.3617,0.97176
-0.0042143,0.8396
-0.37275,2.9296
1.9747,1.7616
2.6169,2.0507
-0.78371,1.5493
-0.035002,2.2168
0.071527,1.8641
0.42982,2.103
0.83979,1.3478
0.71693,1.7602
0.87759,3.0565
1.2922,2.5305
1.1014,2.138
1.0184,1.3876
2.098,2.1686
0.2275,0.49667
1.2934,2.6978
1.1119,1.8015
-1.6364,2.0277
1.4269,3.5062
0.10169,2.4051
1.2259,2.8051
0.26853,2.6926
2.4966,1.7528
-0.31144,1.9584
-0.4316,2.0316
0.14545,1.7409
0.38699,1.8363
1.7714,0.67514
0.62237,2.0423
-1.6949,1.8921
2.6768,0.85787
0.49984,1.5964
1.0145,1.0537
0.28528,2.125
1.5537,1.2557
0.60998,2.2931
-0.045529,1.8889
0.24143,2.3525
4.407,2.5152
0.85853,1.2201
0.38709,1.8811
0.1083,0.79839
1.6061,1.3792
0.53124,2.0079
1.8618,1.5907
1.4226,2.6036
0.75825,1.1339
-0.29995,1.5282
2.2195,3.0848
2.0426,2.5487
0.58292,0.64999
-0.62406,1.9475
3.4431,2.0689
2.8643,1.1661
2.5186,3.3536
0.83861,1.5116
2.8913,2.5449
2.7034,2.723
1.3609,2.3708
1.0365,2.1272
0.24203,2.4007
0.29377,1.282
-0.88333,1.2766
3.4722,1.7728
2.1001,0.38222
1.4503,1.7191
-1.4237,3.7232
2.7564,2.2434
0.78903,2.2017
1.4816,1.8553
2.5653,1.9262
2.0629,1.4881
3.1182,2.9721
-1.1788,1.741
-2.449,2.2249
-0.079137,1.3631
1.3603,1.3743
-0.50034,1.5698
0.39613,1.5322
0.59429,0.94471
2.0017,1.9569
0.29066,0.96792
0.61708,2.0579
1.2196,2.3506
1.6312,2.493
-0.22885,2.6373
0.19583,3.2374
-0.37433,1.4077
-1.067,1.4018
1.7006,2.8136
0.87936,3.0065
1.7888,1.6848
1.2678,1.5195
3.4811,1.6392
0.10737,0.97136
0.66396,2.1778
3.0766,2.4645
2.4973,3.6378
-2.3473,1.7413
2.3122,1.8853
3.2353,2.2622
1.2418,2.1998
0.62577,3.6024
1.4707,2.2396
-0.60872,3.4314
1.7228,2.622
-0.86907,3.0475
0.71822,1.304
2.0282,3.088
1.6599,1.3746
-2.3163,2.9374
0.79133,1.1745
0.1251,3.9429
0.38863,2.4951
0.71214,2.169
0.0010718,1.8834
0.50517,2.0477
0.17084,2.0942
0.40505,2.0903
2.1285,2.2368
0.94113,1.2497
0.13031,1.7058
0.56344,2.3218
1.9039,2.0341
1.9431,1.7218
1.955,2.5007
1.8581,2.6404
0.40402,1.7662
2.4973,1.2973
-2.3104,2.7517
0.47112,1.8191
1.2546,1.5764
2.447,3.2457
0.75371,2.7632
0.86137,1.358
1.6729,3.2284
3.2629,0.81098
0.078848,2.4157
0.89556,2.7429
1.5371,1.8267
1.7389,0.86042
1.3159,1.5441
1.9804,1.6064
-0.74771,2.4571
0.75701,1.9698
0.29196,2.0135
2.3466,2.6814
1.2627,1.5412
-0.81244,1.4241
1.746,1.8019
1.1502,1.0524
1.7208,1.1657
0.090488,1.8317
-0.35435,1.4584
1.9645,1.3925
1.0662,1.7276
0.48922,2.9044
-0.71,2.8826
-0.29689,2.1686
2.3848,2.152
1.0301,1.4603
0.59258,1.2754
-0.66252,1.5233
2.0375,2.7878
-0.74482,2.6731
1.2699,2.5968
0.069399,1.7346
0.98956,2.7002
0.13706,2.0292
-1.1833,1.2104
-0.34477,2.7596
-0.52411,1.519
4.6422,1.5799
2.2681,1.5816
-0.16389,2.8224
3.1713,1.13
3.5491,2.2167
0.30444,2.1237
-0.099192,2.486
-2.5742,2.421
0.57898,2.7187
0.18479,2.7459
3.3718,1.729
-0.14933,2.7651
2.2994,2.0766
-1.4054,2.8693
0.34793,2.9585
0.37506,2.6421
1.3377,1.7594
0.8874,2.1793
-1.562,2.0472
0.36536,2.1524
1.2164,1.5435
-1.1419,2.0556
-0.52343,1.9907
2.4827,2.9524
1.7302,2.1567
2.5316,0.77195
0.051703,1.3657
-1.9048,2.1834
0.63947,1.1705
0.51997,1.7701
1.4691,2.7835
2.4576,2.434
2.0247,1.7247
2.7412,2.5246
1.1604,1.5799
1.0446,1.3391
1.8264,2.5042
2.2937,2.7036
0.5821,0.65386
2.1903,2.5226
-0.01591,0.90859
0.50363,2.27
1.4607,3.1715
1.1236,2.16
-2.4688,2.608
3.1195,1.5755
2.2089,1.3303
2.0219,0.8919
0.97086,2.6251
1.1399,1.6709
-0.5084,2.6758
1.3604,2.0711
1.7272,1.192
1.7288,2.5974
-0.014273,2.3255
0.95194,2.0556
1.1594,1.4033
0.84321,1.0594
-1.8898,2.7178
1.8478,2.547
1.5489,3.5121
1.6856,2.7782
0.30112,1.8979
2.0842,0.88797
0.46531,1.6929
-0.37752,3.4104
-0.32111,2.3094
2.7968,2.31
0.10376,3.1873
-0.084141,1.3839
2.1536,1.6601
-0.73348,1.1819
0.62867,2.852
0.60749,3.2804
-0.13777,2.7893
2.3638,1.0504
1.25,2.5287
2.0883,1.6707
-0.18007,2.1434
0.47201,1.5968
2.2438,2.6069
-1.0816,1.3071
0.61699,2.2781
0.95313,3.168
1.7521,1.2717
1.4976,2.9636
-0.61888,1.0681
-1.563,1.0877
1.5369,2.5778
0.37196,1.7141
1.2088,3.2051
2.5287,2.395
0.92,2.6871
1.246,1.3354
2.6741,1.5327
2.311,3.4804
1.9239,2.4358
-0.16913,0.93728
0.78367,0.93605
0.23246,0.79684
1.5856,1.8196
2.0607,3.8748
-0.86549,0.70197
0.60906,2.099
1.3444,3.3558
1.4257,2.6896
1.0966,3.5476
-1.4392,0.76398
0.57199,1.9458
2.072,1.5248
3.7757,1.6255
2.0606,2.9126
-1.2015,1.5815
1.5651,2.2017
2.4534,2.8508
1.7788,2.3723
-0.34271,2.9993
0.24511,1.5594
1.5026,2.6484
2.8637,0.93119
0.88956,2.3646
0.98273,2.2944
2.6157,1.7169
2.62,2.431
1.509,0.3247
-0.63195,3.2954
0.2647,1.3369
1.8873,2.3038
2.3524,2.4331
1.7601,0.84712
0.37973,1.6652
1.347,0.83491
-0.92963,2.5502
2.1624,2.0554
0.18533,2.8582
3.4921,1.2992
0.39452,2.6325
0.49611,2.1771
0.37012,1.8912
3.8321,2.7905
1.686,0.92324
-1.1805,1.6071
-0.83442,1.7131
2.5438,1.3697
1.3733,1.6485
1.942,3.6082
-0.6642,2.3983
0.030131,2.1889
1.4732,2.1369
-1.4844,1.8143
1.0127,2.0765
1.6335,2.4861
-0.39158,1.9069
0.5246,0.95262
2.6382,2.4452
3.0567,0.9693
-0.48,2.1836
1.5411,2.5127
1.2059,1.6637
-0.55513,2.333
2.3217,3.2283
0.2599,2.0793
1.8747,1.9111
-0.75767,2.8774
0.96952,1.5736
1.9745,3.1749
1.6856,3.3428
0.29588,2.1578
1.7633,2.4304
-0.053059,1.2915
-0.5811,1.9417
1.4451,3.2303
2.0432,2.2128
1.5953,1.8964
-0.36788,3.3182
1.8432,1.6966
1.2153,1.9565
1.041,1.9848
0.59163,3.0823
0.63421,2.5029
2.4212,1.6949
0.23809,2.5293
-0.070283,1.6465
1.2439,3.3222
1.7158,0.41243
0.74411,2.297
3.2562,2.7858
2.2882,2.0241
2.667,1.1606
2.6251,2.6613
0.64109,1.6331
-2.9165,2.5254
2.7783,1.8175
0.27722,2.4223
3.7662,1.8683
1.405,2.6343
-0.5818,1.5722
-0.85854,3.688
0.21791,2.9053
0.79778,2.5461
1.7203,1.5433
-0.31266,2.5497
2.9922,1.7703
2.2856,3.2384
0.44613,2.5268
-1.9515,2.9841
0.89818,1.875
1.3729,1.663
2.149,2.1842
0.25767,1.6931
-0.11189,1.4959
1.9777,2.9378
2.2725,1.2919
0.35617,2.1678
1.6557,3.1631
0.81536,1.1958
1.1361,2.8225
1.0745,1.935
-0.28418,1.3385
-0.34568,1.1626
1.1975,2.4304
1.5539,4.0751
-0.75286,2.5253
1.8737,1.7086
-0.20879,3.4808
2.6538,1.5026
0.67725,1.7684
0.19158,2.6506
2.3263,0.46872
0.7094,1.2637
1.0487,2.1218
-1.6416,2.2991
-1.0914,1.3164
1.6253,2.1533
-0.10758,2.1011
1.3347,2.0276
1.6107,2.6374
-1.5943,1.7581
2.0217,2.2586
1.8342,1.6072
0.32272,1.228
2.1405,2.2807
-0.6595,-0.76881
2.8402,1.6688
0.71174,1.5738
-1.6997,2.2913
-0.9879,2.23
0.12864,2.7697
1.5223,1.6199
-0.68226,2.05
0.48909,1.717
2.1188,3.2293
0.13303,1.9071
-0.16832,1.3606
2.6505,3.1542
0.26721,0.73363
1.2763,1.5425
1.3771,1.3342
1.4141,1.5386
0.43331,1.5766
0.32401,3.0081
-0.36713,2.2
3.322,3.8366
0.86913,1.6348
-0.66971,1.9453
2.6252,1.9699
1.8419,2.8625
-0.45175,2.1594
-1.2932,1.9601
1.5913,1.8879
1.4045,2.9453
1.3047,2.3116
-2.0557,1.8045
1.7782,2.0811
1.6703,3.5722
2.672,3.0752
1.3855,1.73
-0.21809,1.8004
-0.24426,2.3635
-1.01,1.3617
3.2559,1.8245
0.39434,1.2199
-0.13538,0.67497
-1.2338,1.7001
2.7777,1.9158
2.227,2.3723
0.057476,1.9316
2.3515,0.76391
0.16891,2.4343
0.20772,1.4707
0.44225,1.119
-0.84879,2.9362
-0.24723,2.3321
0.99076,2.0367
0.47613,2.1175
0.63135,3.1989
1.6065,1.6332
2.0073,1.5875
1.5781,0.84307
-0.27588,2.7726
2.1938,2.3784
1.8303,2.3266
1.3431,1.2828
4.093,1.7341
4.6092,2.1482
3.0258,2.3854
-0.59942,1.7326
1.7167,0.64918
2.3329,1.3235
2.2486,2.163
0.86174,1.8662
4.5424,3.1026
-0.20803,0.72679
0.64691,0.97312
-0.51342,2.203
0.031851,1.0691
0.47935,2.7812
0.4337,2.4523
2.3907,1.8551
0.91548,1.0732
1.1237,2.0872
1.002,2.4979
3.0521,2.2483
2.6055,1.7362
-0.52176,1.8702
1.7564,2.895
2.1272,2.7172
0.31944,2.394
-0.58468,1.0537
0.85286,0.15504
0.70346,1.3666
0.91341,1.3377
0.86322,1.6743
0.40862,1.561
-1.4018,2.4378
-0.22092,1.5194
0.38524,3.1801
0.02395,1.9152
-1.1501,2.0407
0.65971,0.58963
4.69,1.3881
1.5686,0.24225
-0.20027,1.7056
0.4729,2.4892
2.1101,2.978
1.7097,0.84771
2.1822,0.52379
3.8518,2.2715
-0.74537,2.0987
1.2007,1.3062
0.18889,2.4346
0.56993,1.9099
0.11397,2.2831
0.1089,1.7047
0.23671,1.3928
-2.233,2.6815
0.34996,2.7798
-0.50214,3.0157
1.1601,1.6806
1.2559,1.6478
1.709,2.2424
1.0361,1.5792
0.39342,2.2827
0.87819,1.4805
0.21812,1.8558
1.8124,0.99996
2.6349,0.63815
-0.073496,2.1222
0.85854,1.7833
0.2604,1.4371
0.67623,1.9274
0.56846,1.7436
3.3377,2.9169
2.3663,1.7068
-0.15581,2.8754
2.7772,1.4634
1.7863,1.3816
-0.36437,0.67919
2.5179,2.2859
-1.5432,2.2599
1.3199,3.1306
3.506,3.6395
-0.88589,2.9541
-0.10649,2.2371
-0.691,2.7254
1.3783,2.0737
-1.4007,1.9059
0.87393,1.5882
-1.1134,2.5112
1.0061,2.2275
0.98017,1.2273
1.4515,2.3965
1.2083,2.6864
-0.99602,1.9983
1.73,2.0889
2.2294,2.3053
1.0101,1.4603
3.3988,1.4719
-0.60961,3.0217
3.3347,2.7146
1.142,2.8568
-0.7692,1.539
0.89864,2.745
0.069525,2.6717
1.1879,2.6202
2.9397,1.83
0.71086,2.0823
-2.2717,3.4911
1.8393,2.3497
0.4317,0.9198
1.3807,1.8792
0.98958,0.61267
2.015,2.5177
2.1327,1.4158
0.63435,1.929
1.076,2.3071
1.1255,2.2147
1.0216,0.98731
2.304,1.5167
1.8843,1.2834
0.26944,1.6308
0.85453,3.3852
1.0532,2.1983
0.17167,0.95635
2.0639,2.4951
-0.71725,1.7513
0.96556,2.6297
-0.23083,1.7345
1.1891,2.0434
0.7331,2.8843
-0.70097,2.2314
1.1337,2.9607
0.14827,1.8621
1.2251,1.902
2.1573,2.2999
2.4784,1.7115
1.0507,2.2547
1.1821,2.4029
1.473,1.7339
1.27,1.299
3.1352,1.691
1.1061,1.7935
3.4758,2.4588
0.90308,2.0185
0.55495,2.675
-1.0112,1.4674
1.8821,2.3193
0.88435,2.5843
1.7726,2.4
-0.15879,1.463
3.2734,2.3785
2.193,1.5861
1.5482,2.0047
0.44937,1.6463
1.5873,2.674
0.75458,0.73669
2.7833,2.1353
-0.72594,1.8953
0.92359,1.2529
3.0018,2.0882
3.957,1.7263
1.2236,2.7441
1.6443,0.62568
1.3133,2.1871
-0.7886,2.3804
-0.035987,0.50117
1.0917,2.5863
0.23696,2.9054
1.0209,2.5371
1.934,3.1893
2.2178,2.4524
-0.87074,0.58588
0.34482,1.2498
0.61242,2.9613
2.9054,1.8076
1.5157,1.2269
-0.42146,0.50106
0.15761,1.1471
-0.03468,1.5024
0.44333,2.4118
2.3255,2.4379
1.2264,3.1732
0.28627,2.7149
1.9057,1.4604
1.9037,2.068
-2.3647,2.2703
0.6782,2.3838
4.1722,1.1389
1.5545,1.4736
-0.16148,1.7445
0.53344,1.9231
2.5022,3.2524
0.49436,2.2761
1.8435,1.293
0.82506,2.0776
0.97861,2.0161
0.5749,1.8989
0.50211,3.0087
0.85975,3.3959
2.0713,2.099
2.4164,2.2038
-0.036042,1.1393
0.85649,2.7273
0.40603,1.4003
-0.21729,2.1773
3.1896,2.1962
1.2326,1.8923
0.87422,2.3431
3.8638,2.0494
1.3997,3.5368
0.97957,3.068
0.71223,3.5388
0.6438,2.6956
-0.50803,2.0798
1.3581,2.1392
3.6093,2.1434
-2.4621,2.6497
2.5066,1.7807
2.1756,2.2272
2.8602,1.434
1.5549,2.7219
1.3094,1.6512
2.2743,1.0608
-0.11157,1.8025
-3.2889,1.6268
1.1958,1.3904
0.31383,1.5879
2.6736,2.4498
-1.4751,1.9489
-0.69784,0.8848
0.95719,3.0245
1.4341,2.1552
2.1706,2.5409
1.6515,1.1969
2.2798,1.8888
1.0768,2.8139
0.96606,1.2045
2.1492,2.3027
0.57816,3.1512
-1.5967,1.4974
3.7549,0.5382
2.3356,0.57115
1.3803,1.9383
0.48239,2.9906
1.3576,1.7642
2.423,1.8469
2.5963,0.79473
2.5227,2.2345
-0.34997,2.1
1.8724,2.4822
0.28027,1.4995
0.062464,3.0425
-1.5934,1.8925
1.8898,0.81196
2.7942,1.853
-2.0894,2.9867
-0.64383,2.3428
3.7177,0.71207
0.33707,3.2574
2.7889,2.4025
0.14177,2.0589
2.6741,1.9814
0.18053,1.8576
1.7928,1.8263
-0.53362,1.284
-0.57868,2.8216
2.2298,1.9327
0.76525,2.7097
1.2371,2.4414
1.7834,2.0831
3.742,2.3109
-0.19965,1.3648
-1.0123,2.371
0.013118,3.177
2.8742,2.8714
-0.54819,2.2393
1.147,2.3465
2.348,1.9874
4.2239,1.3035
1.4881,1.5007
0.12277,1.3751
1.4165,1.6718
1.2851,2.7135
3.8452,2.7559
-1.2117,2.9797
3.0545,2.4322
3.0212,2.8591
2.5383,0.63776
1.4717,2.0473
2.448,0.14103
-1.5989,2.8552
0.043496,1.5319
2.5609,2.73
2.883,2.6244
-0.36791,1.6838
2.0625,1.3928
0.20274,1.7821
-1.283,1.8521
3.3463,2.0956
0.45725,1.8108
2.1813,2.3145
-1.5768,1.2324
1.1949,1.9136
4.0188,1.7486
1.1995,1.8779
2.7327,1.5305
0.080805,1.6261
2.3909,2.1215
0.5264,2.2324
2.0467,2.4801
0.8491,1.874
1.5295,2.4628
1.8623,2.2925
-0.10417,1.6992
1.2027,1.6628
0.18877,2.4933
2.3112,0.37439
1.109,2.83
1.3988,2.4634
2.0956,1.158
2.152,3.4414
1.5987,1.9509
2.0587,2.7883
-0.077317,4.0637
3.9167,1.4982
3.4322,2.1068
4.5162,-0.12554
-1.2765,1.249
1.3489,1.5973
0.54319,2.6804
-0.072768,1.625
3.0478,2.1229
1.4795,1.8272
-1.89,2.5029
2.0033,3.894
-0.45709,1.9274
3.1712,1.3588
-0.831,1.6189
1.4544,1.6221
0.83368,1.5607
0.71226,3.5033
1.8304,2.0133
-0.33052,2.074
1.1106,1.3954
3.8001,1.6121
1.9854,2.5364
0.22961,2.0609
0.47824,2.577
2.4038,2.0618
0.75977,1.603
3.1534,3.0847
2.0563,2.0982
0.58028,3.8895
2.3754,2.7802
-1.1194,0.97088
2.9554,1.1999
0.54239,1.3196
1.5259,1.7291
0.21306,2.0036
1.4152,2.518
3.5248,3.0504
0.37417,2.14
1.3548,2.0557
-0.10109,1.4244
0.77159,2.1009
1.3015,2.1969
1.1372,2.2973
2.7353,3.0034
2.8253,1.1889
2.323,2.3914
0.91234,1.014
0.76307,2.8896
3.0485,3.8673
-0.10038,2.6848
1.5517,1.0949
0.36013,2.1042
2.4343,1.7147
1.6689,1.0459
0.82849,1.3456
2.6387,0.61351
2.3844,1.5425
1.3721,2.7756
-2.0278,2.2676
-0.058356,0.2489
-0.64739,2.8202
0.93278,2.6342
-0.011501,1.139
-2.3923,1.4953
0.48464,2.2555
-1.2039,1.045
0.56082,1.2387
1.1989,1.2666
3.3935,2.3592
-0.89731,2.0399
0.77897,1.5462
2.9263,1.1677
0.72181,1.755
3.0026,1.3314
0.99523,2.9821
-0.42702,0.60947
0.22891,1.5555
2.5718,1.0399
0.37175,2.9212
3.0716,2.4967
0.13316,1.4024
0.49695,1.7008
1.2193,2.3242
2.2097,2.1732
2.6253,0.0668
0.34375,0.58961
3.0246,1.6386
0.27538,2.8332
2.5838,2.3106
0.29205,1.2666
0.79377,2.4171
-2.1238,1.5107
1.2333,1.1654
0.53606,2.0643
1.8419,1.6938
2.7781,1.8769
1.4206,1.3077
0.41511,2.0077
3.1155,1.4853
-1.2759,1.234
0.20348,2.6766
2.6151,1.9921
-0.070207,1.1037
2.1939,2.9511
-0.24882,1.4443
0.67609,2.0661
0.10172,1.2062
-0.02759,3.385
0.33724,3.3851
2.0534,1.9866
-1.4504,1.4913
1.3164,2.6973
-1.0189,2.2497
0.56866,1.9441
0.86977,3.1401
2.7174,2.8577
-0.56964,2.1232
0.63043,2.4298
2.5736,1.9885
-0.69148,2.2751
-1.5711,2.5708
1.7693,2.8174
0.34484,1.3831
3.3711,2.0829
-0.44615,2.478
1.0446,1.076
1.5207,1.9228
0.99676,1.5383
0.77617,1.7933
-0.54133,2.1877
0.21645,1.4896
1.9914,2.5769
2.5492,2.1109
1.2066,3.0954
1.5146,1.9472
1.7886,1.806
3.8477,2.16
0.17708,2.3983
0.8757,2.7977
-0.7216,1.2331
-0.28489,2.389
1.1971,1.0529
1.6893,2.4945
1.7708,1.1812
1.6284,1.9918
-0.35667,3.0905
1.8649,2.1124
0.30119,1.5235
0.5598,1.5963
-2.2274,2.0483
-0.49479,2.3725
-1.6149,1.4738
0.50307,2.3076
-0.31944,1.4992
0.35928,2.021
1.3736,2.1902
-0.96599,1.7843
2.0545,1.9576
2.2973,2.5822
0.74879,1.7728
0.72091,0.5118
0.75752,2.4252
1.8498,1.2153
1.1213,2.2775
-0.064789,1.6113
-0.12679,2.7461
0.30808,0.94662
0.15199,1.5259
-2.6303,-3.1438
-2.3359,-4.3814
-3.0669,-4.3481
-3.4989,-4.0627
-4.1594,-5.8731
-2.8514,-6.0504
-4.273,-3.9241
-0.71395,-4.0968
-3.2448,-5.8163
-2.4462,-5.1066
-2.4126,-5.0142
-2.1658,-4.4185
-3.4739,-4.6572
-1.2763,-6.4667
-2.7565,-4.047
-2.7892,-4.9038
-2.7424,-4.8014
-1.8592,-4.6944
-1.7983,-4.7959
-3.1525,-5.2731
-5.001,-5.9985
-3.8916,-5.2947
-4.7432,-5.4173
-4.4271,-4.1698
-2.5905,-2.5952
-3.8917,-5.699
-1.6478,-4.1567
-2.3717,-4.5688
-3.6597,-4.8457
-3.0397,-4.2499
-2.0613,-4.5278
-2.7418,-4.8842
-3.7028,-6.2892
-1.3415,-5.7787
-2.7621,-3.613
-1.2222,-4.1956
-1.7991,-4.5303
-2.8027,-3.6767
-3.2708,-4.5523
-3.9491,-4.9228
-1.5763,-5.3006
-1.6239,-5.5093
-2.9633,-5.0795
-3.5572,-6.509
-2.8645,-5.2862
-3.7345,-3.6276
-3.3853,-5.1706
-3.2989,-4.8234
-2.877,-4.7258
-3.06,-2.8006
-1.9268,-6.0475
-3.859,-6.3608
-1.8154,-4.3597
-1.8676,-4.1791
-2.4242,-5.544
-2.6926,-5.9179
-4.2655,-5.1893
-2.2336,-5.7137
-2.9373,-4.5028
-3.418,-4.7988
-2.3603,-8.3318
-2.3082,-4.876
-0.90703,-5.9855
-2.7977,-5.7511
-4.5883,-4.7773
-4.5608,-5.6204
-4.2545,-6.3385
-4.2741,-5.1982
-3.5488,-5.7462
-2.0523,-5.4342
-3.6061,-6.68
-3.7362,-4.1069
-4.6201,-5.234
-2.5708,-4.8853
-2.8912,-6.2045
-3.3475,-5.1574
-3.0101,-3.7166
-3.4817,-5.0825
-2.3966,-3.8756
-0.87254,-4.4347
-2.5666,-4.8239
-1.8507,-4.9828
-2.4915,-5.2841
-2.9016,-4.0203
-0.77026,-4.4571
-4.6879,-6.3282
-3.4988,-3.6053
-1.6334,-4.9679
-3.2511,-4.2703
-2.4635,-4.4898
-3.4343,-3.7425
-1.5534,-5.9498
-2.1075,-5.188
-3.5337,-5.3087
-3.2749,-3.5261
-3.6191,-2.6781
-2.3262,-5.3592
-5.3676,-4.559
-2.1136,-6.3996
-4.6625,-5.1212
-5.1081,-5.9312
-3.2767,-4.5382
-1.6985,-2.9788
-1.3289,-5.0334
-1.6288,-4.6124
-4.4222,-4.0091
-2.0715,-5.9453
-3.5426,-6.6075
-5.5161,-5.0358
-1.8647,-5.8635
-4.1064,-3.6527
-4.2573,-3.568
-4.7165,-5.6766
-3.3257,-3.7141
-1.6843,-6.3159
-4.4485,-4.6139
-1.1468,-4.9411
-3.5456,-5.0272
-3.2113,-5.563
-2.4997,-6.0322
-1.3956,-5.3074
-3.8491,-4.4937
-1.1513,-4.6774
-2.4671,-3.9631
-4.3909,-5.6327
-4.4927,-5.9268
-3.7459,-4.8239
-3.5911,-5.4439
-1.0719,-4.0539
-4.5054,-6.4504
-0.0034216,-5.5169
-5.7622,-4.9075
-3.2766,-5.5668
-3.3826,-5.9863
-2.7314,-3.9273
-2.5698,-4.1081
-3.8913,-3.3045
-2.5841,-4.3608
-4.7199,-5.5533
-3.856,-5.2756
-1.4843,-4.6408
-2.0656,-3.8226
-4.0388,-5.1912
-1.4741,-6.6783
-3.1821,-6.0073
-2.9575,-4.3539
-2.5241,-4.9953
-2.8278,-4.0665
-0.68455,-4.5714
-2.9316,-6.4163
-2.8622,-3.7471
-3.2884,-6.2515
-4.4335,-5.0825
-2.6124,-4.8687
-2.444,-4.579
-2.4522,-3.557
-2.3791,-3.9528
-1.9961,-5.9873
-3.7737,-5.9603
-2.4409,-3.9778
-2.3954,-4.3713
-3.4436,-4.8198
-3.0274,-5.0441
-3.8136,-4.4072
-2.6106,-5.4673
-3.3412,-2.85
-1.0828,-5.0439
-2.5339,-5.0318
-3.3054,-5.3715
-3.7264,-4.7665
-5.6649,-4.8577
-2.7759,-5.906
-3.7842,-4.0693
-2.7676,-5.6795
-4.5047,-5.8851
-2.2173,-4.5272
-3.6671,-5.4706
-2.594,-5.2933
-3.7653,-6.4578
-3.07,-5.6378
-1.7896,-4.3755
-2.9316,-5.2219
-2.6765,-5.0492
-1.7489,-5.9999
-3.4439,-6.6856
-2.5403,-5.8341
-1.9333,-5.5369
-1.8595,-5.4385
-2.3665,-3.9374
-0.32128,-5.3023
-4.2727,-3.7024
-3.8428,-3.4839
-2.7066,-4.8514
-3.4534,-5.5309
-2.5083,-4.8925
-4.3748,-5.421
-2.9204,-5.2252
-2.1449,-4.2871
-4.0101,-4.2213
-3.3415,-6.2867
-5.0212,-6.1226
-3.8337,-3.7429
-2.6947,-5.4968
-1.7074,-5.5542
-1.7455,-3.4804
-2.7431,-4.2203
-3.6039,-3.7607
-4.4327,-5.5151
-2.209,-3.3666
-2.6219,-5.4454
-3.5617,-4.8811
-3.2452,-5.8555
-2.9283,-4.8431
-3.7655,-5.2908
-3.6803,-4.5356
-3.2838,-6.1484
-3.5668,-6.1515
-1.6126,-5.9256
-2.7663,-5.7575
-2.4225,-5.8559
-0.84406,-5.5577
-3.3697,-6.6055
-3.2945,-5.8941
-4.3163,-7.0823
-2.5306,-6.6331
-3.4865,-4.5745
-3.7523,-6.1506
-2.3469,-5.1349
-4.3797,-5.7395
-5.5799,-4.1951
-1.3234,-7.3483
-1.6659,-4.9865
-2.3269,-3.451
-4.8401,-4.0953
-3.4053,-4.3304
-0.71308,-5.4095
-2.1813,-1.6151
-3.7201,-5.0974
-3.5593,-3.9682
-3.3618,-3.2836
-3.3049,-5.2655
-3.9835,-4.9728
-1.001,-5.3599
-2.0241,-6.0129
-2.6167,-4.2698
-1.4689,-5.0819
-3.9453,-6.8932
-2.952,-5.0463
-2.8979,-3.8978
-4.1706,-5.1963
-2.326,-4.5648
-3.1976,-5.17
-1.7269,-7.0405
-2.3033,-5.5271
-3.5741,-5.206
-1.5682,-6.5131
-1.8397,-6.9053
-2.0967,-4.2484
-2.1226,-4.6123
-3.3837,-5.7828
-4.4693,-6.7024
-2.3334,-3.9229
-2.1195,-4.0404
-1.9899,-5.597
-4.0483,-5.072
-3.5842,-4.5192
-2.1949,-5.2608
-2.2662,-4.8402
-2.1456,-3.1238
-3.8725,-5.0037
-2.1675,-3.7369
-2.6053,-4.095
-2.2761,-5.7493
-5.4641,-3.7363
-3.9075,-5.6148
-1.4592,-4.5588
-1.884,-5.0298
-4.6835,-5.3564
-3.7383,-3.8728
-5.3598,-4.4912
-2.8065,-5.1579
-3.1197,-4.1549
-3.6958,-4.3608
-3.887,-4.2609
-3.8612,-4.9973
-4.7679,-6.8569
-4.4218,-4.6499
-2.5166,-3.8262
-2.7803,-5.4485
-1.8859,-5.6287
-2.4779,-5.0974
-3.1336,-4.4757
-3.322,-4.6611
-4.3633,-5.4182
-3.6337,-3.4774
-3.1737,-6.3244
-3.3593,-6.3906
-4.8209,-2.5124
-3.8456,-4.6562
-4.0962,-3.9489
-2.6646,-5.8491
-3.0777,-5.152
-3.5496,-3.2494
-4.047,-5.078
-4.0157,-5.5221
-5.2647,-4.937
-1.6337,-7.2228
-3.975,-4.1017
-5.483,-5.569
-3.3832,-6.0056
-2.4328,-5.4882
-3.8817,-5.3245
-3.2763,-5.6953
-2.9052,-7.0067
-2.918,-5.8054
-1.8694,-5.072
-4.5021,-5.9776
-1.7563,-5.5773
-1.5446,-5.3463
-2.4552,-4.8502
-3.9191,-4.928
-4.2153,-5.6136
-3.4845,-6.1821
-3.4307,-6.2308
-2.7102,-4.6101
-2.0657,-5.4779
-2.0394,-4.3941
-1.9863,-4.4593
-3.0476,-4.0663
-3.1483,-4.3744
-2.8449,-5.2933
-2.5503,-4.9366
-4.0042,-4.7075
-2.326,-5.0854
-3.053,-6.0068
-4.7768,-5.4707
-3.6115,-3.1928
-2.9237,-5.4326
-2.56,-6.1626
-2.3809,-4.8698
-2.6436,-5.3864
-2.2341,-3.3993
-2.7736,-4.4087
-3.4125,-4.5085
-1.94,-5.6476
-2.9497,-4.0072
-3.08,-5.7905
-4.1609,-3.7728
-2.196,-7.2014
-3.7658,-3.5125
-2.1373,-5.7037
-4.2847,-5.1846
-2.7693,-5.1438
-3.4009,-4.6881
-3.0897,-4.7084
-4.3986,-3.3825
-3.5598,-5.0822
-2.0413,-4.7478
-0.69439,-4.4384
-2.3055,-4.7388
-4.8526,-5.2445
-3.4678,-4.3999
-2.5827,-5.9244
-3.6893,-5.3854
-0.93897,-4.4934
-3.0605,-4.9697
-1.7149,-4.3578
-2.7143,-5.5071
-2.9269,-5.822
-1.1661,-4.967
-4.2034,-5.2062
-3.4973,-6.4483
-4.5705,-5.0282
-2.723,-5.0786
-2.5696,-6.5459
-2.4666,-7.0838
-1.9371,-5.5259
-4.2886,-3.3696
-1.5702,-4.5776
-4.847,-2.9994
-2.4581,-5.9852
-4.9337,-4.9201
-2.1911,-6.1229
-2.7534,-3.2964
-1.7962,-6.2185
-2.3217,-4.8222
-1.7113,-4.5137
-3.5946,-6.0543
-4.589,-3.8381
-5.0053,-5.663
-0.97111,-6.3247
-1.8666,-4.8794
-2.2369,-5.2234
-2.4738,-4.9549
-3.9797,-5.4683
-2.863,-3.9062
-3.2666,-4.9235
-2.5448,-4.3938
-3.5655,-6.4682
-0.52836,-3.832
-4.2457,-5.545
-2.2162,-3.7745
-2.3425,-6.0837
-3.2811,-4.8921
0.061355,-7.4688
-3.4366,-5.6287
-3.1286,-4.2195
-0.81457,-4.7379
-1.3057,-3.8428
-4.4898,-4.5206
-1.8839,-6.2424
-2.5747,-4.5698
-2.4569,-5.0421
-3.5592,-3.1994
-4.3181,-4.4702
-4.368,-4.0145
-4.1754,-4.5117
-3.6068,-5.4431
-4.1797,-4.2829
-1.9921,-4.2078
-2.7532,-4.0667
-2.7753,-5.2323
-4.2185,-6.4223
-2.2704,-4.3632
-5.5111,-5.5206
-3.6432,-3.7768
-2.4045,-5.4964
-0.99769,-3.6025
-3.4146,-3.2102
-2.1314,-6.001
-0.75341,-4.4344
-3.6254,-4.0108
-3.7018,-4.6599
-0.68597,-5.9243
-2.8821,-6.3363
-1.8593,-3.7744
-2.6922,-4.6288
-2.2505,-6.579
-2.3423,-6.1246
-2.563,-3.9766
-5.7911,-5.6206
-3.5317,-4.0298
-3.4537,-4.0214
-3.8818,-5.7858
-3.7793,-3.8669
-3.5096,-4.2047
-4.205,-6.5402
-2.9555,-4.6757
-3.7923,-4.1854
-3.7618,-4.0571
-4.6331,-5.4395
-2.1219,-4.0618
-4.8477,-6.3071
-2.2034,-6.0065
-3.0031,-4.8655
-2.3654,-5.1584
-3.6516,-5.4414
-2.463,-4.0587
-2.0603,-4.1996
-2.7751,-5.6131
-2.8367,-5.5954
-2.9703,-3.6965
-3.1332,-4.4808
-2.837,-5.4774
-3.3592,-6.2984
-4.7318,-4.7652
-1.9334,-5.5245
-3.641,-6.1011
-3.0991,-5.1043
-3.1646,-5.0022
-2.364,-4.8951
-1.4977,-5.6375
-5.1854,-4.8939
-2.7115,-4.9485
-3.406,-5.0892
-4.3708,-4.9111
-3.3592,-5.3608
-3.161,-3.6626
-0.76892,-4.4536
-4.4649,-5.8006
-1.068,-3.4675
-2.9723,-6.8485
-2.1682,-5.4748
-3.43,-4.1946
-4.0535,-3.2445
-2.3416,-5.5978
-2.215,-2.9151
-2.0805,-3.4491
-3.2381,-4.0595
-2.0085,-5.1796
-3.1991,-4.9488
-1.6821,-3.1912
-2.8552,-3.611
-3.249,-4.6842
-4.6915,-4.8117
-0.70437,-3.4411
-2.2804,-4.3402
-3.4147,-4.9551
-2.7965,-4.8141
-3.3173,-4.4572
-3.6268,-5.5873
-3.8214,-5.4218
-4.558,-5.776
-1.6266,-4.6494
-2.1332,-5.18
-3.1952,-4.5242
-3.3836,-6.2151
-1.995,-5.7303
-4.8481,-4.0316
-5.8559,-4.6967
-3.8592,-3.5368
-3.9626,-3.9406
-1.5952,-5.0067
-3.8534,-4.4728
-4.7141,-5.0741
-4.528,-5.3035
-3.4936,-5.9562
-2.3021,-4.3655
-5.574,-4.2847
-3.5238,-5.2172
-3.7685,-5.1406
-1.8344,-4.7871
-0.92957,-4.1746
-2.4584,-6.266
-2.2613,-5.1121
-3.6388,-4.4491
-4.0276,-4.4359
-3.0873,-4.2074
-2.2463,-4.6973
-0.78619,-5.3006
-2.7316,-5.572
-3.9793,-3.6661
-3.9744,-4.3416
-4.1232,-4.0547
-2.3567,-3.605
-2.6182,-4.8725
-2.8522,-5.3103
-2.5187,-4.759
-3.0935,-4.3705
-3.5382,-6.7669
-2.5617,-4.1328
-2.4129,-6.6873
-4.0287,-5.1105
-5.327,-5.2285
-3.6561,-6.9479
-4.1575,-5.4555
-3.9006,-4.5015
-2.0234,-4.1653
-3.7586,-5.9657
-3.1108,-6.3079
-0.12789,-3.6417
-2.977,-4.9162
-3.9949,-5.6241
-2.7811,-5.315
-4.4421,-5.6232
-3.7615,-4.7181
-3.5461,-4.3334
-2.9882,-6.6515
-1.7928,-6.9624
-2.8431,-5.0448
-3.1951,-5.3925
-2.7719,-3.5959
-4.2009,-5.2223
-2.5892,-5.2849
-3.6285,-6.0462
-2.509,-3.5344
-3.3558,-3.8871
-3.9082,-5.3326
-4.7232,-5.3695
-2.8397,-4.2668
-2.5359,-6.1945
-3.5802,-5.4482
-4.3652,-5.5517
-4.1671,-5.1188
-1.9693,-2.4845
-3.7396,-6.2678
-2.7168,-6.5081
-3.016,-3.3646
-2.0034,-5.0546
-3.5517,-4.3733
-2.9803,-6.0858
-1.2661,-5.7403
-2.2617,-4.835
-0.80935,-5.4469
-2.7655,-3.4495
-2.3089,-4.4526
-1.8916,-5.4567
-2.022,-5.6736
-3.9338,-5.3892
-5.0562,-4.291
-2.4169,-4.3999
-3.8508,-4.1966
-0.86868,-6.1402
-2.456,-5.3754
-2.2949,-3.8669
-2.272,-6.4857
-1.845,-4.5413
-3.3005,-6.0252
-3.0658,-4.1557
-2.7774,-5.3229
-1.9407,-3.2309
-2.5067,-5.1959
-3.5215,-4.3317
-2.0451,-6.1253
-2.721,-5.4006
-4.0025,-4.6503
-2.9687,-7.5586
-4.1322,-4.9792
-3.743,-5.7263
-2.4043,-5.4469
-4.9079,-4.7994
-4.43,-3.1479
-1.5983,-6.2006
-2.5762,-5.3284
-2.3537,-5.5649
-1.9533,-5.4535
-1.7452,-4.6706
-2.6982,-4.2308
-2.1517,-4.9175
-3.7538,-6.0005
-3.2967,-5.739
-3.3287,-4.2001
-3.6827,-5.1116
-3.5247,-4.6516
-2.5504,-4.0381
-3.2308,-4.3015
-2.8454,-6.5231
-3.3955,-4.1509
-2.9371,-5.5214
-2.0417,-4.4101
-4.7214,-5.618
-1.6363,-4.6746
-2.4283,-6.2893
-1.5754,-3.4564
-1.9396,-6.4692
-4.2477,-6.4734
-3.129,-6.0555
-3.4693,-5.049
-4.4377,-4.1335
-1.4034,-5.0013
-3.3499,-4.7366
-3.2399,-5.9817
-2.0745,-5.3528
-3.1346,-4.4988
-3.1268,-2.7471
-2.5392,-5.5775
-2.3394,-6.5878
-2.1843,-6.1422
-2.4101,-4.5023
-2.1643,-3.9476
-3.3991,-3.6861
-4.7574,-3.8892
-1.0275,-4.6932
-3.5936,-3.7741
-1.4213,-4.278
-1.4543,-4.6034
-2.0956,-4.0321
-2.3175,-5.9477
-2.7996,-5.7895
-3.1804,-4.9745
-3.433,-5.4364
-3.6359,-5.7125
-3.5858,-3.8543
-1.3001,-5.4078
-5.0578,-4.2685
-3.2061,-6.7498
-3.3984,-4.1545
-2.0852,-5.5714
-2.7375,-7.2607
-3.963,-5.6182
-1.7074,-5.2668
-1.4122,-3.9676
-2.7144,-4.5881
-2.8816,-5.5296
-2.6203,-4.8136
-3.4524,-5.2547
-1.6082,-5.0695
-4.8565,-4.1687
-1.5221,-4.3079
-3.7772,-6.5561
-3.8217,-3.7222
-2.8384,-4.0016
-2.6584,-5.1062
-2.451,-5.8962
-2.3934,-5.2106
-4.3422,-4.7902
-2.2974,-6.4874
-2.3162,-5.4112
-2.2941,-4.9944
-2.8212,-4.3848
-2.7013,-4.0375
-3.8452,-3.7832
-3.0111,-3.2523
-2.1997,-5.8727
-4.4943,-6.0478
-3.3934,-3.6622
-4.3263,-6.4784
-1.6619,-5.8207
-2.5433,-3.9317
-1.7021,-6.5883
-3.3718,-4.2496
-2.4422,-3.9302
-2.3968,-6.1091
-1.9709,-4.1623
-2.7528,-6.7674
-2.4715,-5.6576
-4.6358,-5.0265
-1.7723,-5.3007
-3.4948,-4.6519
-3.6815,-4.8418
-4.6648,-4.1331
-2.9016,-6.1774
-2.922,-5.4941
-2.6492,-3.5844
-2.3594,-4.5406
-3.3016,-4.7446
-1.926,-5.0117
-3.4531,-3.5516
-4.2097,-2.9031
-3.4123,-6.2375
-3.6936,-4.7568
-2.8406,-3.7408
-2.5711,-4.5705
-4.128,-7.679
-2.7056,-5.7723
-3.5122,-5.4583
-2.0937,-5.254
-3.7312,-3.7308
-3.0867,-2.9637
-3.5075,-4.5213
-3.2585,-4.0723
-2.4749,-3.7622
-3.7365,-5.5123
-4.3832,-5.6885
-3.9821,-4.86
-4.3477,-4.46
-2.5251,-6.1916
-2.7961,-4.215
-2.2633,-5.213
-3.782,-5.5954
-2.6542,-3.9739
-3.5783,-4.8882
-2.3914,-5.3332
-2.4318,-5.3248
-2.8055,-5.349
-1.0783,-3.9959
-4.0636,-6.776
-3.214,-5.4782
-2.9936,-6.9471
-2.8126,-4.0331
-2.2552,-6.4047
-1.5667,-5.8281
-3.6664,-5.9879
-2.8361,-3.9515
-5.0148,-5.0644
-4.6501,-5.2373
-2.8661,-5.5909
-3.0219,-4.161
-3.6274,-6.4013
-4.572,-5.6648
-3.3803,-4.3973
-1.9031,-6.6296
-2.641,-4.9847
-3.8359,-5.4761
-3.041,-3.2547
-1.919,-3.8652
-2.3134,-4.9853
-5.2851,-4.6582
-2.7644,-5.2589
-2.2073,-1.8453
-3.161,-5.1949
-4.1452,-7.0145
-2.8445,-5.5916
-2.5599,-5.4544
-3.4719,-6.5943
-3.3167,-4.7196
-3.0108,-3.6085
-2.5577,-5.5158
-2.6437,-6.2958
-2.3625,-5.736
-3.2965,-4.6716
-3.8675,-5.1284
-2.1923,-6.9579
-2.3347,-4.4379
-3.9025,-4.4172
-2.5121,-6.8088
-2.3622,-4.8348
-3.6535,-4.2447
-1.6089,-4.4347
-2.848,-5.4214
-4.3954,-4.09
-2.6878,-6.3134
-1.8536,-6.9734
-3.7263,-3.9899
-3.2496,-4.8908
-1.6343,-4.3174
-2.2145,-5.8942
-3.2477,-3.3865
-3.4167,-5.59
-2.5636,-4.3358
-2.5182,-6.1262
-2.686,-5.9966
-3.7122,-5.9068
-2.9205,-5.2815
-2.4927,-4.5513
-1.5357,-3.9822
-1.6449,-4.0012
-3.1433,-4.4001
-3.2752,-4.4119
-3.3179,-5.2581
-1.0786,-5.5981
-1.9065,-5.0804
-1.1848,-4.4622
-2.8573,-5.5952
-2.2359,-3.3282
-4.6866,-3.424
-4.2811,-4.2194
-2.8624,-4.4795
-3.9268,-5.8727
-4.5704,-7.4378
-3.2159,-5.8075
-1.9713,-6.3582
-3.5433,-4.23
-3.2521,-3.3714
-0.72662,-4.7073
-1.2762,-5.4114
-3.7727,-6.0097
-2.9861,-5.5478
-5.2378,-4.2993
-2.4928,-5.0293
-2.9051,-3.1198
-2.6202,-5.8669
-1.6551,-7.6956
-2.4272,-4.8572
-4.4101,-6.0275
-4.619,-4.4719
-2.8154,-4.8503
-3.6293,-3.4748
-3.9438,-6.8368
-5.2469,-4.5458
-3.7367,-4.3055
-2.1476,-6.3013
-3.6548,-3.9389
-3.0055,-2.7814
-3.6384,-4.8005
-2.7741,-3.9596
-3.1365,-4.8077
-1.7727,-6.5175
-4.0808,-4.4286
-2.6353,-5.5108
-2.8488,-5.3383
-4.7498,-4.5155
-2.6854,-4.2117
-4.0531,-6.656
-4.3439,-3.3738
-3.0805,-4.3066
-1.8244,-5.2388
-2.5006,-4.0353
-1.4944,-5.9639
-3.4163,-4.9458
-2.9932,-4.1224
-2.4892,-5.361
-2.1181,-5.2477
-3.6808,-5.8803
-3.4142,-4.7126
-3.1021,-5.2923
-3.0656,-5.1934
-2.6899,-3.2847
-2.5987,-4.4966
-3.3738,-5.5648
-2.7872,-4.5246
-2.1267,-6.9326
-4.1994,-6.8117
-3.5208,-5.6215
-5.3717,-5.9984
-1.7257,-5.4524
-1.996,-4.152
-3.4936,-4.6686
-3.4901,-6.8351
-0.83546,-5.3339
-2.8002,-3.1444
-4.5908,-5.7618
-1.7665,-7.7902
-2.5737,-7.1913
-1.7694,-6.2387
-1.6889,-4.3069
-5.3537,-5.6289
-3.2533,-4.7681
-0.60908,-5.1921
-2.9729,-5.4694
-3.5563,-3.529
-2.924,-6.4653
-1.6932,-6.3639
-3.0838,-5.3158
-1.4302,-4.0784
-3.8039,-3.8604
-4.3081,-7.025
-3.739,-4.44
-3.5647,-5.8227
-2.7922,-5.3002
-1.07,-6.9623
-4.3251,-5.3978
-4.8381,-5.8925
-3.8077,-5.7784
-4.6573,-3.5563
-2.8311,-3.8468
-3.0924,-4.4702
-3.909,-6.2197
-2.4329,-6.2422
-4.4289,-4.7094
-3.2529,-6.9643
-2.7346,-5.0982
-3.216,-5.7701
-2.9177,-4.6334
-3.4376,-6.2112
-3.5879,-5.1867
-3.2755,-6.7984
-2.9845,-4.9335
-3.5634,-5.2371
-2.9241,-6.7473
-2.1401,-5.2015
-5.18,-4.902
-3.4846,-5.9009
-2.9142,-4.1944
-3.0723,-5.6926
-1.1401,-6.8882
-2.1042,-5.3826
-2.4371,-5.9819
-2.2673,-5.7224
-4.0325,-6.531
-2.3417,-4.1891
-3.3099,-6.3832
-4.9619,-5.1393
-5.1529,-5.2977
-2.2539,-4.4723
-3.6498,-5.9917
-3.0237,-4.6049
-3.336,-4.1005
-4.0402,-5.2458
-3.5367,-5.438
-2.5838,-4.5581
-5.243,-5.1154
-2.694,-3.1189
-3.9093,-4.8745
-2.0898,-7.071
-3.0537,-4.312
-3.1525,-4.3333
-3.9721,-6.0886
-4.1246,-5.6611
-1.8703,-4.1957
-4.0496,-5.9928
-1.971,-5.5808
-1.9486,-4.7821
-2.9084,-6.1727
-2.4937,-4.77
-3.3951,-5.0592
-3.5238,-3.2594
-1.7069,-4.5682
-5.6388,-5.626
-3.4097,-4.1228
-3.2276,-5.501
-3.7826,-3.9491
-1.6204,-6.55
-3.0478,-3.9604
-2.4706,-4.5897
-3.4632,-4.3959
-2.6869,-5.4225
-5.4485,-4.263
-1.7601,-5.0787
-2.2737,-4.6854
-3.7317,-5.6654
-2.0515,-4.2502
-1.9908,-5.0759
-4.2568,-4.2177
-2.329,-4.2749
-2.704,-5.962
-3.5321,-6.2853
-3.0895,-6.0222
-1.1419,-5.9374
-3.1815,-6.0915
-3.7097,-5.8425
-2.3952,-5.0742
-1.9588,-5.7403
-3.0565,-4.0401
-3.2293,-4.6778
-1.9196,-3.8652
-1.3139,-4.559
-3.2277,-4.3573
-2.2762,-4.4303
-4.8927,-5.9669
-3.7031,-5.7085
-3.6555,-5.0875
-4.3859,-5.1719
-2.9597,-4.1652
-3.8394,-5.2947
-4.0287,-6.0606
-1.8897,-4.6551
-2.9098,-4.739
-1.8581,-2.5135
-2.696,-3.6079
